{
  "itemSpecific": {
    "afc:wood/barrel/baobab": {
      "kind": "BLOCK",
      "armKind": "BLOCK",
      "transforms": {
        "right": {
          "scale": 1.4202416,
          "offX": -0.2045455,
          "offY": -0.045454502,
          "offZ": 0.15056825,
          "rotX": 13.039764,
          "rotY": -28.892044,
          "rotZ": 0.0,
          "pivotX": 0.0,
          "pivotY": 0.0,
          "pivotZ": 0.0
        },
        "left": {
          "scale": 1.4202416,
          "offX": 0.2045455,
          "offY": -0.045454502,
          "offZ": 0.16761374,
          "rotX": 13.039764,
          "rotY": 28.892044,
          "rotZ": 0.0,
          "pivotX": 0.0,
          "pivotY": 0.0,
          "pivotZ": 0.0
        }
      },
      "armTransforms": {
        "right": {
          "scale": 1.2286932,
          "offX": -0.3125,
          "offY": 0.036931753,
          "offZ": -0.19318187,
          "rotX": -57.528404,
          "rotY": -6.6477203,
          "rotZ": 0.0,
          "pivotX": 0.0,
          "pivotY": 0.0,
          "pivotZ": 0.0
        },
        "left": {
          "scale": 1.2286932,
          "offX": 0.22443187,
          "offY": 0.036931753,
          "offZ": -0.19318187,
          "rotX": -57.528404,
          "rotY": 6.6477203,
          "rotZ": -0.0,
          "pivotX": 0.0,
          "pivotY": 0.0,
          "pivotZ": 0.0
        }
      }
    },
    "afc:wood/barrel/cypress": {
      "armTransforms": {
        "right": {
          "scale": 1.393466,
          "offX": -0.3125,
          "offY": 0.2045455,
          "offZ": -0.19318187,
          "rotX": -57.528404,
          "rotY": -14.318176,
          "rotZ": 0.0,
          "pivotX": 0.0,
          "pivotY": 0.0,
          "pivotZ": 0.0
        },
        "left": {
          "scale": 1.393466,
          "offX": 0.3125,
          "offY": 0.1732955,
          "offZ": -0.19318187,
          "rotX": -57.528404,
          "rotY": 6.6477203,
          "rotZ": 0.0,
          "pivotX": 0.0,
          "pivotY": 0.0,
          "pivotZ": 0.0
        }
      }
    }
  }
}