{
	"format_version": "1.8.0",
	"animations": {
		"say_hi": {
			"animation_length": 4.2083,
			"bones": {
				"left_arm": {
					"rotation": {
						"0.0": [0, 0, 0],
						"1.0": [0, 0, -137.5],
						"1.2917": [0, 0, -140],
						"1.5": [0, 0, -107.5],
						"1.75": [0, 0, -102],
						"2.0": [0, 0, -137.5],
						"2.5": [0, 0, -140],
						"2.7083": [0, 0, -107.5],
						"2.9583": [0, 0, -102],
						"3.2083": [0, 0, -137.5],
						"3.5": [0, 0, -140],
						"3.7083": [0, 0, -107.5],
						"3.9583": [0, 0, -102],
						"4.2083": [0, 0, -137.5]
					},
					"position": {
						"0.0": [0, 0, 0],
						"0.25": [2.08846, 0.79896, 0],
						"1.2917": [2.99, -0.75885, 0],
						"1.75": [2.5885, -0.18659, 0],
						"2.5": [2.99, -0.75885, 0],
						"2.9583": [2.5885, -0.18659, 0],
						"3.5": [2.99, -0.75885, 0],
						"3.9583": [2.5885, -0.18659, 0]
					}
				}
			}
		}
	}
}