{
	"format_version": "1.8.0",
	"animations": {
		"inspect_spear": {
			"animation_length": 2.0074,
			"bones": {
				"right_arm": {
					"rotation": [40, 12, 90],
					"position": [5.64227, 4.65622, 2.06722]
				},
				"left_arm": {
					"rotation": [36, 8, 70],
					"position": [-12.70682, 2.63302, -5.6789]
				},
				"item_right": {
					"rotation": {
						"0.0": [0, 0, 0],
						"1.6531": [-4.99527, -0.21782, -2.4905]
					}
				}
			},
			"timeline": {
				"0.0": "dual_handed;hide_left_switch_item_;"
			}
		},
		"attack_spear": {
			"animation_length": 4.639,
			"bones": {
				"right_arm": {
					"rotation": {
						"0.0": [0, 0, 0],
						"0.875": [1.66857, -1.7307, 72.85542],
						"1.5417": [5.72698, -6.39792, 78.0042],
						"2.0": [12.75348, -9.08887, 74.92163],
						"2.1667": [9.158, -6.73017, 72.92917],
						"2.4167": [-27.18697, -17.35069, -2.34853],
						"2.9167": [-27.18697, -17.35069, -2.34853],
						"3.25": [6.539, -18.42051, 27.31263],
						"3.6667": [13.35175, -11.45401, -28.48086],
						"4.0": [17.81303, -17.35069, -2.34853],
						"4.375": [0, 0, 0]
					},
					"position": {
						"0.0": [0, 0, 0],
						"0.625": [0, 0, 0],
						"0.875": [0, -2, -7],
						"2.1667": [0, -3, -9],
						"2.4167": [0, -3, -12],
						"4.625": [0, 0, 0]
					}
				},
				"left_arm": {
					"rotation": {
						"0.0": [0, 0, 0],
						"0.875": [1.66857, 1.7307, -72.85542],
						"1.5": [5.72698, 6.39792, -78.0042],
						"2.0": [12.75348, 9.08887, -74.92163],
						"2.1667": [9.158, 6.73017, -72.92917],
						"2.375": [-27.18697, 17.35069, 2.34853],
						"2.9167": [-27.18697, 17.35069, 2.34853],
						"3.2083": [6.539, 18.42051, -27.31263],
						"3.625": [13.35175, 11.45401, 28.48086],
						"4.0": [17.81303, 17.35069, 2.34853],
						"4.3333": [0, 0, 0]
					},
					"position": {
						"0.0": [0, 0, 0],
						"0.625": [0, 0, 0],
						"0.875": [0, -2, -7],
						"2.125": [0, -3, -9],
						"2.375": [0, -3, -12],
						"4.5833": [0, 0, 0]
					}
				},
				"itemgrip_left": {
					"rotation": {
						"0.0": [0, 0, 0],
						"0.2917": [90, 0, 0],
						"0.875": [80.71052, 3.68518, 6.5367],
						"2.375": [90, 0, 0],
						"2.5833": [0, 0, 47.5],
						"4.0833": [-360, 0, 47.5],
						"4.625": [-360, 0, 0]
					},
					"position": {
						"0.0": [0, 0, 0],
						"0.875": [0, -11, -2],
						"2.5833": [0, 0, 0]
					}
				},
				"itemgrip_right": {
					"rotation": {
						"0.0": [0, 0, 0],
						"0.2917": [90, 0, 0],
						"0.875": [80.71052, -3.68518, -6.5367],
						"2.375": [81, 0, 0],
						"2.5833": [0, 0, -47.5],
						"4.0833": [-360, 0, -47.5],
						"4.625": [-360, 0, 0]
					},
					"position": {
						"0.0": [0, 0, 0],
						"0.875": [0.12281, -11.24799, -1.35702],
						"2.5833": [0, 0, 0]
					}
				}
			}
		},
		"use_spear_pose_1": {
			"loop": "hold_on_last_frame",
			"animation_length": 0.4892,
			"bones": {
				"right_arm": {
					"rotation": {
						"0.0": [0, 0, 0],
						"0.1667": [-32.5, 0, 0],
						"0.2917": [20.60623, 4.47537, -19.50714],
						"0.375": [28.53937, -0.03645, -13.78213],
						"0.4167": [16.47251, -4.54828, -8.05711],
						"0.5": [6.47251, -4.54828, -8.05711]
					},
					"position": {
						"0.0417": [0, 0, 0],
						"0.1667": [0, 0, -4],
						"0.4167": [0, 4, -2]
					}
				},
				"left_arm": {
					"rotation": {
						"0.0": [0, 0, 0],
						"0.1667": [-32.5, 0, 0],
						"0.2917": [20.60623, -4.47537, 19.50714],
						"0.375": [28.53937, 0.03645, 13.78213],
						"0.4167": [16.47251, 4.54828, 8.05711],
						"0.5": [6.47251, 4.54828, 8.05711]
					},
					"position": {
						"0.0417": [0, 0, 0],
						"0.1667": [0, 0, -4],
						"0.4167": [0, 4, -2]
					}
				},
				"itemgrip_left": {
					"rotation": {
						"0.25": [0, 0, 0],
						"0.375": [90, 0, 0]
					},
					"position": {
						"0.25": [0, 0, 0],
						"0.375": [0, -8, -1]
					}
				},
				"itemgrip_right": {
					"rotation": {
						"0.25": [0, 0, 0],
						"0.375": [90, 0, 0]
					},
					"position": {
						"0.25": [0, 0, 0],
						"0.375": [0, -8, -1]
					}
				}
			},
			"timeline": {
				"0.0833": "disable_tuning;"
			}
		},
		"use_spear_pose_2": {
			"loop": "hold_on_last_frame",
			"animation_length": 0.5061,
			"bones": {
				"right_arm": {
					"rotation": {
						"0.0": [6.47, -4.55, -8.06],
						"0.125": [4.5, 6.43, -12.48],
						"0.1667": [4.72, 9.11, -14.15],
						"0.25": [6.27, 9.8, -15.82],
						"0.375": [10.04, 8.83, -18.41],
						"0.5": [12.97, 7.77, -20.25]
					},
					"position": {
						"0.0": [0, 4, -2],
						"0.5": [2, 4, -2]
					}
				},
				"left_arm": {
					"rotation": {
						"0.0": [6.47, 4.55, 8.06],
						"0.125": [4.5, -6.43, 12.48],
						"0.1667": [4.72, -9.11, 14.15],
						"0.25": [6.27, -9.8, 15.82],
						"0.375": [10.04, -8.83, 18.41],
						"0.5": [12.97, -7.77, 20.25]
					},
					"position": {
						"0.0": [0, 4, -2],
						"0.5": [-2, 4, -2]
					}
				},
				"itemgrip_left": {
					"rotation": [90, 0, 0],
					"position": [0, 0, -1]
				},
				"itemgrip_right": {
					"rotation": [90, 0, 0],
					"position": [0, -8, -1]
				}
			},
			"timeline": {
				"0.0": "disable_tuning;"
			}
		},
		"use_spear_pose_3_right": {
			"loop": "hold_on_last_frame",
			"animation_length": 1.25,
			"bones": {
				"right_arm": {
					"rotation": {
						"0.0": [12.97, 7.77, -20.25],
						"0.1667": [8.11, 4.48, -19.51],
						"0.25": [7.28, 6.15, -19.34],
						"0.3333": [6.34, 9.07, -19.17],
						"0.4167": [5.64, 12.19, -19],
						"0.5": [5.53, 14.51, -18.84],
						"0.5833": [6.35, 15, -18.69],
						"0.6667": [10.43, 11.22, -18.47],
						"0.75": [16.49, 4.48, -18.25],
						"0.8333": [21.25, -1.54, -18.12],
						"0.875": [22.12, -3.13, -18.12],
						"0.9167": [16.36, -1.76, -18.5],
						"0.9583": [8.62, 2.51, -18.95],
						"1.25": [8.62, 7.51, -18.95]
					},
					"position": {
						"0.0": [2, 4, -2],
						"0.0833": [2.15, 3.52, -1.63],
						"0.125": [2, 3, -2],
						"0.1667": [1.7, 2.58, -2.6],
						"0.25": [0.69, 1.44, -4.5],
						"0.3333": [-0.05, 0.35, -6.4],
						"0.375": [0, 0, -7],
						"0.4167": [0.26, -0.13, -7.25],
						"0.5": [1.22, -0.22, -7.56],
						"0.5833": [2.53, -0.16, -7.62],
						"0.6667": [3.89, -0.06, -7.43],
						"0.75": [5, 0, -7],
						"0.9167": [8, 0, -2],
						"1.0": [8, 0, -2],
						"1.0833": [8, 0.89, -1.11],
						"1.1667": [8, 2.11, 0.11],
						"1.25": [8, 3, 1]
					}
				},
				"left_arm": {
					"rotation": {
						"0.3333": [82.5, 0, 0],
						"0.4167": [35.74, 1.48, -1.11],
						"0.5": [-10.15, -0.86, -2.35],
						"0.5833": [-17.54, -14.37, -7.32],
						"0.6667": [-10.15, -29.39, -9.14],
						"0.7083": [-3.1, -31.37, -3.38],
						"0.75": [11.7, -25.14, 15.21],
						"0.8333": [53.14, 0.76, 69.76],
						"0.875": [67.27, 9.84, 88.43],
						"0.9167": [72.56, 12.69, 94.85],
						"1.0": [69.95, 10.65, 90.48],
						"1.0417": [67.27, 9.84, 88.43],
						"1.25": [52.65, 12.1, 89.8]
					},
					"position": {
						"0.3333": [0, 0, 0],
						"0.8333": [-3.75, -3, -8.25],
						"1.0": [-5, -4, -11],
						"1.25": [-7, 0, -5]
					}
				},
				"itemgrip_right": {
					"rotation": [90, 0, 0],
					"position": {
						"0.0": [0, 0, -1],
						"1.25": [0, -7, 0]
					}
				}
			},
			"timeline": {
				"0.0": "dual_handed;disable_tuning;hide_item;"
			}
		},
		"use_spear_pose_3_left": {
			"loop": "hold_on_last_frame",
			"animation_length": 1.25,
			"bones": {
				"right_arm": {
					"rotation": {
						"0.3333": [82.5, 0, 0],
						"0.4167": [35.74, -1.48, 1.11],
						"0.5": [-10.15, 0.86, 2.35],
						"0.5833": [-17.54, 14.37, 7.32],
						"0.6667": [-10.15, 29.39, 9.14],
						"0.7083": [-3.1, 31.37, 3.38],
						"0.75": [11.7, 25.14, -15.21],
						"0.8333": [53.14, -0.76, -69.76],
						"0.875": [67.27, -9.84, -88.43],
						"0.9167": [72.56, -12.69, -94.85],
						"1.0": [69.95, -10.65, -90.48],
						"1.0417": [67.27, -9.84, -88.43],
						"1.25": [52.65, -12.1, -89.8]
					},
					"position": {
						"0.3333": [0, 0, 0],