{
    "customGroups": [
        {
            "name": "bear",
            "items": [
                "tfc:food/bear",
                "tfc:food/cooked_bear"
            ]
        }
    ],
    "item": {
        "bear": {
            "transforms": {
                "right": {
                    "scale": 1.0,
                    "offX": -0.1704545,
                    "offY": -0.13636363,
                    "offZ": 0.09943175,
                    "rotX": 8.181808,
                    "rotY": -17.89772,
                    "rotZ": -17.130676,
                    "pivotX": 0.0,
                    "pivotY": 0.0,
                    "pivotZ": 0.0
                },
                "left": {
                    "scale": 1.0,
                    "offX": 0.113636374,
                    "offY": -0.073863626,
                    "offZ": -0.051136374,
                    "rotX": 30.9375,
                    "rotY": 19.176132,
                    "rotZ": 16.363632,
                    "pivotX": -0.0,
                    "pivotY": 0.0,
                    "pivotZ": 0.0
                }
            }
        }
    }
}