{
  "item": {
    "EMPTY_HAND": {
      "armTransforms": {
        "right": {
          "scale": 1.0,
          "offX": 0.005681753,
          "offY": -0.019886374,
          "offZ": -0.09659088,
          "rotX": -15.85228,
          "rotY": 0.0,
          "rotZ": 0.0,
          "pivotX": 0.0,
          "pivotY": 0.0,
          "pivotZ": 0.0
        },
        "left": {
          "scale": 1.0,
          "offX": -0.005681753,
          "offY": -0.019886374,
          "offZ": -0.09659088,
          "rotX": -15.85228,
          "rotY": -0.0,
          "rotZ": -0.0,
          "pivotX": 0.0,
          "pivotY": 0.0,
          "pivotZ": 0.0
        }
      }
    }
  }
}