{
    "itemSpecific": {
        "tfc:torch": {
            "transforms": {
                "right": {
                    "scale": 1.2699997,
                    "offX": -0.008522749,
                    "offY": -0.12784088,
                    "offZ": 0.153409,
                    "rotX": 23.522736,
                    "rotY": 0.51135254,
                    "rotZ": -8.181824,
                    "pivotX": 0.00999999,
                    "pivotY": 0.09000003,
                    "pivotZ": -0.060000002
                },
                "left": {
                    "scale": 1.2699997,
                    "offX": -0.019886374,
                    "offY": -0.13636363,
                    "offZ": 0.073863745,
                    "rotX": -24.545456,
                    "rotY": -175.65341,
                    "rotZ": -3.0681763,
                    "pivotX": -0.00999999,
                    "pivotY": 0.09000003,
                    "pivotZ": -0.060000002
                }
            }
        },
        "tfc:dead_torch": {
            "transforms": {
                "right": {
                    "scale": 1.1833807,
                    "offX": -0.019886374,
                    "offY": 0.022727251,
                    "offZ": 0.089999914,
                    "rotX": 0.0,
                    "rotY": 85.90909,
                    "rotZ": 0.0,
                    "pivotX": 0.00999999,
                    "pivotY": 0.09000003,
                    "pivotZ": -0.060000002
                },
                "left": {
                    "scale": 1.1833807,
                    "offX": 0.019886374,
                    "offY": 0.022727251,
                    "offZ": 0.089999914,
                    "rotX": 0.0,
                    "rotY": -85.90909,
                    "rotZ": -0.0,
                    "pivotX": -0.00999999,
                    "pivotY": 0.09000003,
                    "pivotZ": -0.060000002
                }
            }
        }
    }
}